clip_name,label
00664_clip.npy,crash
00360_clip.npy,crash
00037_clip.npy,crash
00447_clip.npy,crash
00584_clip.npy,crash
00256_clip.npy,crash
00405_clip.npy,crash
00945_clip.npy,crash
00174_clip.npy,crash
00785_clip.npy,crash
00000_clip.npy,crash
00529_clip.npy,crash
00342_clip.npy,crash
00108_clip.npy,crash
00364_clip.npy,crash
00647_clip.npy,crash
00970_clip.npy,crash
00613_clip.npy,crash
00942_clip.npy,crash
00491_clip.npy,crash
00824_clip.npy,crash
00344_clip.npy,crash
00414_clip.npy,crash
00104_clip.npy,crash
00361_clip.npy,crash
00054_clip.npy,crash
00309_clip.npy,crash
00898_clip.npy,crash
00904_clip.npy,crash
00691_clip.npy,crash
00121_clip.npy,crash
00138_clip.npy,crash
00461_clip.npy,crash
00332_clip.npy,crash
00216_clip.npy,crash
00722_clip.npy,crash
00816_clip.npy,crash
00125_clip.npy,crash
00977_clip.npy,crash
00437_clip.npy,crash
00618_clip.npy,crash
00791_clip.npy,crash
00858_clip.npy,crash
00430_clip.npy,crash
00640_clip.npy,crash
00016_clip.npy,crash
00276_clip.npy,crash
00521_clip.npy,crash
00903_clip.npy,crash
00966_clip.npy,crash
00633_clip.npy,crash
00698_clip.npy,crash
00097_clip.npy,crash
00861_clip.npy,crash
01024_clip.npy,crash
00859_clip.npy,crash
00856_clip.npy,crash
00733_clip.npy,crash
00102_clip.npy,crash
00450_clip.npy,crash
00145_clip.npy,crash
00025_clip.npy,crash
00068_clip.npy,crash
00909_clip.npy,crash
00611_clip.npy,crash
00180_clip.npy,crash
00458_clip.npy,crash
00937_clip.npy,crash
00783_clip.npy,crash
00058_clip.npy,crash
00295_clip.npy,crash
00109_clip.npy,crash
00988_clip.npy,crash
00207_clip.npy,crash
00269_clip.npy,crash
00989_clip.npy,crash
00774_clip.npy,crash
00032_clip.npy,crash
00460_clip.npy,crash
00742_clip.npy,crash
00558_clip.npy,crash
00370_clip.npy,crash
00579_clip.npy,crash
00917_clip.npy,crash
00157_clip.npy,crash
00625_clip.npy,crash
00673_clip.npy,crash
00039_clip.npy,crash
00527_clip.npy,crash
00880_clip.npy,crash
00469_clip.npy,crash
00979_clip.npy,crash
00549_clip.npy,crash
00466_clip.npy,crash
00626_clip.npy,crash
00242_clip.npy,crash
00082_clip.npy,crash
00519_clip.npy,crash
00046_clip.npy,crash
00744_clip.npy,crash
00601_clip.npy,crash
00710_clip.npy,crash
01037_clip.npy,crash
00345_clip.npy,crash
00906_clip.npy,crash
00454_clip.npy,crash
00355_clip.npy,crash
00453_clip.npy,crash
00028_clip.npy,crash
00500_clip.npy,crash
00167_clip.npy,crash
00072_clip.npy,crash
01031_clip.npy,crash
00059_clip.npy,crash
00024_clip.npy,crash
00739_clip.npy,crash
00234_clip.npy,crash
00554_clip.npy,crash
00985_clip.npy,crash
01036_clip.npy,crash
00819_clip.npy,crash
00006_clip.npy,crash
00918_clip.npy,crash
00587_clip.npy,crash
00195_clip.npy,crash
00748_clip.npy,crash
00132_clip.npy,crash
00457_clip.npy,crash
00335_clip.npy,crash
00172_clip.npy,crash
00090_clip.npy,crash
00313_clip.npy,crash
00608_clip.npy,crash
00391_clip.npy,crash
00014_clip.npy,crash
00674_clip.npy,crash
00089_clip.npy,crash
00210_clip.npy,crash
00541_clip.npy,crash
00960_clip.npy,crash
00184_clip.npy,crash
00340_clip.npy,crash
00997_clip.npy,crash
00953_clip.npy,crash
00703_clip.npy,crash
00642_clip.npy,crash
00339_clip.npy,crash
00839_clip.npy,crash
00330_clip.npy,crash
00586_clip.npy,crash
00684_clip.npy,crash
00066_clip.npy,crash
00820_clip.npy,crash
00879_clip.npy,crash
00473_clip.npy,crash
00702_clip.npy,crash
00528_clip.npy,crash
00841_clip.npy,crash
00758_clip.npy,crash
00213_clip.npy,crash
00851_clip.npy,crash
00949_clip.npy,crash
00617_clip.npy,crash
00358_clip.npy,crash
00948_clip.npy,crash
00883_clip.npy,crash
00833_clip.npy,crash
00877_clip.npy,crash
00610_clip.npy,crash
00751_clip.npy,crash
00802_clip.npy,crash
00972_clip.npy,crash
00235_clip.npy,crash
00475_clip.npy,crash
00238_clip.npy,crash
00978_clip.npy,crash
00780_clip.npy,crash
00556_clip.npy,crash
00854_clip.npy,crash
00913_clip.npy,crash
00996_clip.npy,crash
00266_clip.npy,crash
00169_clip.npy,crash
00967_clip.npy,crash
00114_clip.npy,crash
00049_clip.npy,crash
00026_clip.npy,crash
00895_clip.npy,crash
00607_clip.npy,crash
00130_clip.npy,crash
00915_clip.npy,crash
00686_clip.npy,crash
00343_clip.npy,crash
00534_clip.npy,crash
00594_clip.npy,crash
00103_clip.npy,crash
00144_clip.npy,crash
00357_clip.npy,crash
00189_clip.npy,crash
00603_clip.npy,crash
00690_clip.npy,crash
00324_clip.npy,crash
00381_clip.npy,crash
00319_clip.npy,crash
00298_clip.npy,crash
00968_clip.npy,crash
00260_clip.npy,crash
00106_clip.npy,crash
00029_clip.npy,crash
00084_clip.npy,crash
00003_clip.npy,crash
00754_clip.npy,crash
00884_clip.npy,crash
01019_clip.npy,crash
00155_clip.npy,crash
00228_clip.npy,crash
00407_clip.npy,crash
00936_clip.npy,crash
00397_clip.npy,crash
00789_clip.npy,crash
00318_clip.npy,crash
00076_clip.npy,crash
00423_clip.npy,crash
00477_clip.npy,crash
00887_clip.npy,crash
00660_clip.npy,crash
00077_clip.npy,crash
00700_clip.npy,crash
00251_clip.npy,crash
01034_clip.npy,crash
00755_clip.npy,crash
00417_clip.npy,crash
00131_clip.npy,crash
00422_clip.npy,crash
00443_clip.npy,crash
00589_clip.npy,crash
00651_clip.npy,crash
00831_clip.npy,crash
00574_clip.npy,crash
00036_clip.npy,crash
00418_clip.npy,crash
00921_clip.npy,crash
00472_clip.npy,crash
00233_clip.npy,crash
00331_clip.npy,crash
00099_clip.npy,crash
00498_clip.npy,crash
00869_clip.npy,crash
00464_clip.npy,crash
01534_clip.npy,no_crash
01969_clip.npy,no_crash
01840_clip.npy,no_crash
01393_clip.npy,no_crash
01532_clip.npy,no_crash
02088_clip.npy,no_crash
01496_clip.npy,no_crash
01805_clip.npy,no_crash
01815_clip.npy,no_crash
01080_clip.npy,no_crash
01527_clip.npy,no_crash
01533_clip.npy,no_crash
02083_clip.npy,no_crash
01085_clip.npy,no_crash
02114_clip.npy,no_crash
01719_clip.npy,no_crash
01706_clip.npy,no_crash
02121_clip.npy,no_crash
01890_clip.npy,no_crash
01691_clip.npy,no_crash
01054_clip.npy,no_crash
01563_clip.npy,no_crash
01506_clip.npy,no_crash
01913_clip.npy,no_crash
01399_clip.npy,no_crash
01578_clip.npy,no_crash
01931_clip.npy,no_crash
01800_clip.npy,no_crash
01268_clip.npy,no_crash
01896_clip.npy,no_crash
01713_clip.npy,no_crash
02006_clip.npy,no_crash
01441_clip.npy,no_crash
01635_clip.npy,no_crash
01290_clip.npy,no_crash
01734_clip.npy,no_crash
02049_clip.npy,no_crash
01134_clip.npy,no_crash
01908_clip.npy,no_crash
01500_clip.npy,no_crash
01849_clip.npy,no_crash
01992_clip.npy,no_crash
01071_clip.npy,no_crash
01617_clip.npy,no_crash
01912_clip.npy,no_crash
01238_clip.npy,no_crash
01542_clip.npy,no_crash
01296_clip.npy,no_crash
01821_clip.npy,no_crash
01140_clip.npy,no_crash
01791_clip.npy,no_crash
01254_clip.npy,no_crash
01550_clip.npy,no_crash
01229_clip.npy,no_crash
01842_clip.npy,no_crash
01954_clip.npy,no_crash
01477_clip.npy,no_crash
02042_clip.npy,no_crash
01609_clip.npy,no_crash
01289_clip.npy,no_crash
01687_clip.npy,no_crash
01190_clip.npy,no_crash
01498_clip.npy,no_crash
01109_clip.npy,no_crash
02048_clip.npy,no_crash
01350_clip.npy,no_crash
01133_clip.npy,no_crash
01138_clip.npy,no_crash
01094_clip.npy,no_crash
01284_clip.npy,no_crash
01499_clip.npy,no_crash
01722_clip.npy,no_crash
01766_clip.npy,no_crash
01491_clip.npy,no_crash
01640_clip.npy,no_crash
02102_clip.npy,no_crash
01704_clip.npy,no_crash
01075_clip.npy,no_crash
01813_clip.npy,no_crash
01673_clip.npy,no_crash
01145_clip.npy,no_crash
01724_clip.npy,no_crash
01317_clip.npy,no_crash
01260_clip.npy,no_crash
01096_clip.npy,no_crash
01581_clip.npy,no_crash
01748_clip.npy,no_crash
01459_clip.npy,no_crash
01968_clip.npy,no_crash
01932_clip.npy,no_crash
01222_clip.npy,no_crash
01983_clip.npy,no_crash
01232_clip.npy,no_crash
01858_clip.npy,no_crash
01306_clip.npy,no_crash
01656_clip.npy,no_crash
02108_clip.npy,no_crash
01374_clip.npy,no_crash
01599_clip.npy,no_crash
01806_clip.npy,no_crash
01616_clip.npy,no_crash
01959_clip.npy,no_crash
01372_clip.npy,no_crash
01478_clip.npy,no_crash
01584_clip.npy,no_crash
01242_clip.npy,no_crash
01425_clip.npy,no_crash
01638_clip.npy,no_crash
01046_clip.npy,no_crash
01737_clip.npy,no_crash
01462_clip.npy,no_crash
01917_clip.npy,no_crash
01262_clip.npy,no_crash
01577_clip.npy,no_crash
01103_clip.npy,no_crash
01631_clip.npy,no_crash
01122_clip.npy,no_crash
01322_clip.npy,no_crash
01387_clip.npy,no_crash
01355_clip.npy,no_crash
01683_clip.npy,no_crash
02085_clip.npy,no_crash
01568_clip.npy,no_crash
01904_clip.npy,no_crash
01939_clip.npy,no_crash
02067_clip.npy,no_crash
01628_clip.npy,no_crash
01157_clip.npy,no_crash
01420_clip.npy,no_crash
01844_clip.npy,no_crash
01554_clip.npy,no_crash
02026_clip.npy,no_crash
01682_clip.npy,no_crash
01695_clip.npy,no_crash
01926_clip.npy,no_crash
02000_clip.npy,no_crash
01259_clip.npy,no_crash
02069_clip.npy,no_crash
01889_clip.npy,no_crash
01711_clip.npy,no_crash
01342_clip.npy,no_crash
01736_clip.npy,no_crash
01870_clip.npy,no_crash
01286_clip.npy,no_crash
01996_clip.npy,no_crash
01049_clip.npy,no_crash
01364_clip.npy,no_crash
01301_clip.npy,no_crash
01423_clip.npy,no_crash
02089_clip.npy,no_crash
01292_clip.npy,no_crash
01511_clip.npy,no_crash
01060_clip.npy,no_crash
01465_clip.npy,no_crash
02136_clip.npy,no_crash
01194_clip.npy,no_crash
01172_clip.npy,no_crash
01824_clip.npy,no_crash
01874_clip.npy,no_crash
01860_clip.npy,no_crash
02013_clip.npy,no_crash
01882_clip.npy,no_crash
01607_clip.npy,no_crash
02060_clip.npy,no_crash
01899_clip.npy,no_crash
02119_clip.npy,no_crash
01753_clip.npy,no_crash
01131_clip.npy,no_crash
01473_clip.npy,no_crash
01557_clip.npy,no_crash
01271_clip.npy,no_crash
02029_clip.npy,no_crash
01492_clip.npy,no_crash
01118_clip.npy,no_crash
01217_clip.npy,no_crash
01720_clip.npy,no_crash
01287_clip.npy,no_crash
01862_clip.npy,no_crash
01717_clip.npy,no_crash
01236_clip.npy,no_crash
02011_clip.npy,no_crash
01388_clip.npy,no_crash
01807_clip.npy,no_crash
01394_clip.npy,no_crash
01964_clip.npy,no_crash
01649_clip.npy,no_crash
01973_clip.npy,no_crash
01755_clip.npy,no_crash
02061_clip.npy,no_crash
01765_clip.npy,no_crash
01838_clip.npy,no_crash
01801_clip.npy,no_crash
01303_clip.npy,no_crash
01485_clip.npy,no_crash
01288_clip.npy,no_crash
01209_clip.npy,no_crash
02034_clip.npy,no_crash
01714_clip.npy,no_crash
01952_clip.npy,no_crash
01949_clip.npy,no_crash
01799_clip.npy,no_crash
02037_clip.npy,no_crash
02118_clip.npy,no_crash
02072_clip.npy,no_crash
01283_clip.npy,no_crash
01988_clip.npy,no_crash
01604_clip.npy,no_crash
01971_clip.npy,no_crash
01404_clip.npy,no_crash
01442_clip.npy,no_crash
01365_clip.npy,no_crash
02004_clip.npy,no_crash
01503_clip.npy,no_crash
01114_clip.npy,no_crash
01132_clip.npy,no_crash
01250_clip.npy,no_crash
01487_clip.npy,no_crash
01629_clip.npy,no_crash
01266_clip.npy,no_crash
01256_clip.npy,no_crash
01221_clip.npy,no_crash
01261_clip.npy,no_crash
01401_clip.npy,no_crash
01980_clip.npy,no_crash
01072_clip.npy,no_crash
01696_clip.npy,no_crash
01586_clip.npy,no_crash
01970_clip.npy,no_crash
01574_clip.npy,no_crash
01592_clip.npy,no_crash
01875_clip.npy,no_crash
01728_clip.npy,no_crash
01572_clip.npy,no_crash
01228_clip.npy,no_crash
01972_clip.npy,no_crash
01309_clip.npy,no_crash
01213_clip.npy,no_crash
01453_clip.npy,no_crash
01517_clip.npy,no_crash
01985_clip.npy,no_crash
01853_clip.npy,no_crash
01413_clip.npy,no_crash
01206_clip.npy,no_crash
01989_clip.npy,no_crash
01276_clip.npy,no_crash
01825_clip.npy,no_crash
01497_clip.npy,no_crash
01356_clip.npy,no_crash
01888_clip.npy,no_crash
01383_clip.npy,no_crash
